<!--

     Copyright 2016 Electric Cloud, Inc.

     Licensed under the Apache License, Version 2.0 (the "License");
     you may not use this file except in compliance with the License.
     You may obtain a copy of the License at

         http://www.apache.org/licenses/LICENSE-2.0

     Unless required by applicable law or agreed to in writing, software
     distributed under the License is distributed on an "AS IS" BASIS,
     WITHOUT WARRANTIES OR CONDITIONS OF ANY KIND, either express or implied.
     See the License for the specific language governing permissions and
     limitations under the License.

-->
<!--
Each form element represents a procedure parameter. 
The corresponding procedure parameters will be created automatically when 
the plugin in installed and promoted.

formElement nested elements:
============================
property:   formal parameter name
type    :   entry|textarea|checkbox|select|radio|credential
label   :   String-type. Parameter label value
required:   1|0
value   : Parameter default value
documentation : Help text for the parameter
-->
<editor>
    <formElement>
        <type>entry</type>
        <label>Full RPM Path:</label>
        <property>rpmPath</property>
        <required>1</required>
        <documentation>Full RPM Path including directory and extension</documentation>
    </formElement> 
	<!--Add more parameters here-->
</editor>
